rainfall_1h,rainfall_3h,rainfall_24h,forecast_rainfall,soil_moisture,slope,elevation,historical_risk,risk_score
5,12,20,5,20,8,500,5,5
8,18,30,8,25,10,600,10,8
12,25,40,10,30,12,700,15,12
15,32,50,12,35,15,800,20,17
18,40,60,15,40,18,850,22,22
22,48,70,18,45,20,900,25,27
25,55,80,20,48,22,950,30,31
28,62,90,25,52,24,1000,35,36
32,70,100,28,55,26,1050,38,41
35,78,110,30,58,28,1100,42,46
38,85,120,35,60,29,1150,45,50
42,92,130,38,63,30,1200,48,55
45,100,140,40,66,31,1250,52,60
50,110,150,45,69,32,1300,55,65
55,120,160,48,72,33,1350,60,70
60,130,170,50,75,34,1400,65,75
65,140,180,55,78,35,1450,70,80
70,150,190,60,80,36,1500,75,84
75,165,200,65,83,37,1550,78,88
80,175,210,70,85,38,1600,80,91
85,185,220,75,87,39,1650,83,94
90,195,230,80,89,40,1700,86,96
95,210,240,85,92,42,1750,90,98
100,225,250,90,95,45,1800,95,100
